{"cameraMode":{"drawMode":0,"name":"Shaded","section":"Shading Mode"},"sceneLighting":false,"audioPlay":false,"sceneViewState":{"m_AlwaysRefresh":false,"showFog":true,"showSkybox":false,"showFlares":true,"showImageEffects":true,"showParticleSystems":true,"showVisualEffectGraphs":true,"m_FxEnabled":true},"in2DMode":false,"pivot":{"x":0.23877549171447755,"y":5.149557113647461,"z":2.056607246398926},"rotation":{"x":0.9635929465293884,"y":-0.015436834655702114,"z":-0.2607908248901367,"w":-0.057026639580726626},"size":0.3092329204082489,"orthographic":false}